payment_id,order_id,amount,method,status,reference,created_at
1,1,1666.26,COD,FAILED,PAY20250827-8IY2X6,2024-02-05 06:27:48
2,2,1325.74,WALLET,SUCCESS,PAY20250827-QMHM4W,2025-05-16 19:27:57
3,3,727.28,UPI,SUCCESS,PAY20250827-N6OLFG,2023-09-25 22:49:55
4,4,2016.53,CARD,SUCCESS,PAY20250827-DIUX0Y,2023-09-05 14:55:29
5,5,1156.17,WALLET,SUCCESS,PAY20250827-P8NXWN,2024-03-09 06:37:50
6,6,375.15,WALLET,SUCCESS,PAY20250827-1600BL,2022-01-28 22:55:24
7,7,1693.12,WALLET,SUCCESS,PAY20250827-WI1ATO,2023-02-26 16:39:55
8,8,1215.45,COD,SUCCESS,PAY20250827-32MFS5,2024-09-20 08:01:10
9,9,646.3,WALLET,SUCCESS,PAY20250827-8GL7HL,2022-09-23 03:33:53
10,10,619.82,COD,PENDING,PAY20250827-W2LF1Q,2023-08-22 21:25:09
11,11,1307.59,WALLET,SUCCESS,PAY20250827-4EQATZ,2024-11-07 18:07:50
12,12,2140.33,CARD,SUCCESS,PAY20250827-8WY1O7,2022-04-19 13:14:51
13,13,753.79,CARD,FAILED,PAY20250827-HY7CAU,2023-06-28 06:41:24
14,14,2091.51,CARD,SUCCESS,PAY20250827-S6603X,2024-06-16 15:17:34
15,15,2594.72,WALLET,SUCCESS,PAY20250827-Y92MZC,2025-01-11 02:30:55
16,16,661.99,UPI,SUCCESS,PAY20250827-B3DIWM,2022-08-04 13:35:36
17,17,1053.46,WALLET,FAILED,PAY20250827-PCW0VO,2023-03-14 15:08:26
18,18,631.63,WALLET,SUCCESS,PAY20250827-XJXUP8,2024-07-03 14:50:46
19,19,701.05,UPI,SUCCESS,PAY20250827-PHZHJU,2022-06-23 19:38:36
20,20,1902.8,WALLET,FAILED,PAY20250827-UWULMD,2025-03-07 10:52:31
21,21,163.74,WALLET,SUCCESS,PAY20250827-DF1Q96,2022-09-30 03:20:39
22,22,1850.23,CARD,SUCCESS,PAY20250827-Z89P0N,2024-03-31 16:55:59
23,23,592.34,UPI,SUCCESS,PAY20250827-QB6TCL,2022-07-27 21:51:53
24,24,319.93,WALLET,FAILED,PAY20250827-NDVEHQ,2024-01-23 16:49:43
25,25,1560.92,COD,SUCCESS,PAY20250827-GX59ZQ,2024-09-15 14:23:45
26,26,585.86,CARD,SUCCESS,PAY20250827-W0BD92,2024-07-19 15:02:53
27,27,2083.94,COD,FAILED,PAY20250827-1D9ZG3,2022-12-08 02:59:45
28,28,2085.48,UPI,SUCCESS,PAY20250827-SWV2CB,2024-08-14 18:45:05
29,29,1401.63,CARD,SUCCESS,PAY20250827-Y9WDSY,2025-03-03 07:31:38
30,30,524.63,WALLET,SUCCESS,PAY20250827-1ACEYV,2023-04-16 06:37:01
31,31,331.64,UPI,SUCCESS,PAY20250827-YE62BW,2024-06-11 11:31:19
32,32,369.61,CARD,SUCCESS,PAY20250827-9X7149,2023-06-26 08:49:54
33,33,627.06,UPI,SUCCESS,PAY20250827-TD3LWN,2022-02-02 12:27:49
34,34,1655.33,CARD,SUCCESS,PAY20250827-H15ZPE,2022-09-08 06:51:44
35,35,692.09,UPI,PENDING,PAY20250827-YHJ8XV,2023-03-18 16:03:06
36,36,1788.88,UPI,SUCCESS,PAY20250827-CCU0XS,2022-04-18 20:12:26
37,37,1316.38,CARD,SUCCESS,PAY20250827-Q0D7M3,2023-12-01 02:20:53
38,38,1048.93,CARD,SUCCESS,PAY20250827-CD2XLJ,2022-12-18 11:27:46
39,39,454.23,UPI,SUCCESS,PAY20250827-J77MTG,2022-05-19 04:18:57
40,40,279.9,WALLET,SUCCESS,PAY20250827-17BX51,2023-07-30 13:03:03
41,41,1077.34,COD,SUCCESS,PAY20250827-RDTROR,2022-03-20 13:54:12
42,42,931.94,COD,SUCCESS,PAY20250827-Q7TCI0,2023-10-24 12:21:05
43,43,1619.89,WALLET,SUCCESS,PAY20250827-HCJ7Q0,2023-08-08 10:32:47
44,44,373.35,COD,PENDING,PAY20250827-RGAXSA,2024-10-26 20:14:57
45,45,979.95,CARD,SUCCESS,PAY20250827-XF2804,2024-12-03 02:14:34
46,46,1878.19,WALLET,SUCCESS,PAY20250827-PFG0U7,2022-10-10 07:31:04
47,47,1792.51,COD,SUCCESS,PAY20250827-H9QI8L,2022-12-29 02:51:43
48,48,277.79,WALLET,SUCCESS,PAY20250827-VRTNJU,2022-09-09 18:49:08
49,49,314.03,COD,SUCCESS,PAY20250827-GVQO5X,2022-07-30 03:24:23
50,50,287.99,UPI,SUCCESS,PAY20250827-6C1GEC,2023-02-22 18:49:15
51,51,1425.74,WALLET,SUCCESS,PAY20250827-UGYJIN,2024-10-19 08:51:52
52,52,1034.69,CARD,SUCCESS,PAY20250827-QL89D8,2024-08-27 18:03:03
53,53,1225.47,CARD,SUCCESS,PAY20250827-9X5ES5,2022-12-28 04:25:44
54,54,1860.3,CARD,SUCCESS,PAY20250827-OEWKTH,2024-06-15 06:43:55
55,55,338.37,UPI,SUCCESS,PAY20250827-HAT0JC,2024-10-04 18:10:51
56,56,428.28,UPI,FAILED,PAY20250827-78FMSL,2022-09-29 03:23:22
57,57,815.06,WALLET,SUCCESS,PAY20250827-DWZJ20,2025-03-07 05:49:16
58,58,1282.7,WALLET,SUCCESS,PAY20250827-22DVGZ,2025-06-04 18:55:52
59,59,1568.57,CARD,SUCCESS,PAY20250827-DWIJPT,2022-12-26 05:46:32
60,60,1082.62,WALLET,SUCCESS,PAY20250827-ECQMZY,2022-11-25 12:20:18
61,61,1077.54,WALLET,SUCCESS,PAY20250827-BSF75Q,2023-09-08 23:23:05
62,62,537.19,COD,SUCCESS,PAY20250827-PC2SQ4,2024-04-02 04:41:18
63,63,1092.59,WALLET,SUCCESS,PAY20250827-E47UCY,2023-08-01 08:53:40
64,64,455.36,CARD,SUCCESS,PAY20250827-TZL3VO,2022-08-13 23:44:06
65,65,1577.89,COD,SUCCESS,PAY20250827-IG31OH,2022-07-11 12:14:57
66,66,1648.98,CARD,SUCCESS,PAY20250827-9WL04Y,2024-02-02 19:52:46
67,67,967.86,WALLET,SUCCESS,PAY20250827-3JNNMN,2024-06-12 01:35:47
68,68,424.26,WALLET,FAILED,PAY20250827-JXN4ET,2024-05-30 18:28:27
69,69,1125.55,UPI,FAILED,PAY20250827-2498QQ,2024-11-08 04:21:54
70,70,1567.11,WALLET,SUCCESS,PAY20250827-56ANWR,2025-07-24 19:06:57
71,71,1861.96,COD,SUCCESS,PAY20250827-LM40M6,2024-09-21 08:02:12
72,72,1688.5,WALLET,SUCCESS,PAY20250827-T7X5XU,2024-03-16 12:38:09
73,73,2091.51,CARD,SUCCESS,PAY20250827-N70FWC,2022-05-24 10:44:48
74,74,312.69,COD,SUCCESS,PAY20250827-9U2G6T,2024-02-03 04:23:43
75,75,1587.96,COD,FAILED,PAY20250827-7UFW2P,2023-07-16 21:56:43
76,76,668.29,COD,SUCCESS,PAY20250827-B126F2,2024-12-04 02:44:13
77,77,342.66,CARD,SUCCESS,PAY20250827-J47B7P,2022-11-10 19:02:37
78,78,1972.65,CARD,SUCCESS,PAY20250827-5MPLWQ,2022-09-24 13:41:34
79,79,2014.17,COD,SUCCESS,PAY20250827-VFGCZ8,2023-10-11 18:52:24
80,80,968.99,UPI,PENDING,PAY20250827-B2RSZY,2024-12-08 23:26:49
81,81,213.15,WALLET,SUCCESS,PAY20250827-YOLUH2,2024-08-20 18:10:57
82,82,1132.95,UPI,SUCCESS,PAY20250827-MT7XRL,2025-05-28 12:48:44
83,83,1203.06,COD,SUCCESS,PAY20250827-AGC3FI,2023-08-26 06:48:44
84,84,742.07,COD,FAILED,PAY20250827-4ND51V,2024-05-05 18:59:15
85,85,569.04,WALLET,SUCCESS,PAY20250827-ZWEFGV,2022-03-01 04:42:09
86,86,1213.5,CARD,PENDING,PAY20250827-RAY6F6,2023-07-15 06:06:55
87,87,315.43,UPI,SUCCESS,PAY20250827-2T5APA,2023-06-30 07:10:00
88,88,1868.56,UPI,SUCCESS,PAY20250827-S7Z74N,2025-05-06 18:09:48
89,89,1247.8,UPI,FAILED,PAY20250827-9YL1JV,2023-06-03 11:31:14
90,90,1029.24,COD,PENDING,PAY20250827-1U6VP7,2024-06-10 01:48:03
91,91,498.06,UPI,FAILED,PAY20250827-VP53CQ,2024-07-03 22:29:03
92,92,1362.91,WALLET,SUCCESS,PAY20250827-2HSSS1,2022-06-01 14:19:06
93,93,345.01,CARD,PENDING,PAY20250827-3KV507,2023-09-16 08:07:23
94,94,846.29,COD,PENDING,PAY20250827-RD46BQ,2024-09-16 08:07:24
95,95,927.43,CARD,SUCCESS,PAY20250827-4JF6I4,2025-01-21 11:05:01
96,96,1866.63,WALLET,FAILED,PAY20250827-Y0IQ38,2023-04-15 01:37:03
97,97,627.08,CARD,SUCCESS,PAY20250827-66Q7UD,2023-02-07 01:02:28
98,98,427.82,UPI,SUCCESS,PAY20250827-9FU8NT,2023-05-26 07:16:26
99,99,1325.1,CARD,SUCCESS,PAY20250827-MVK8I9,2023-12-09 04:57:22
100,100,858.67,UPI,SUCCESS,PAY20250827-9YZABP,2024-10-26 06:58:29
101,101,1264.88,CARD,SUCCESS,PAY20250827-6IHEV0,2024-12-12 18:05:08
102,102,1789.15,COD,SUCCESS,PAY20250827-NX899W,2023-09-22 06:26:22
103,103,431.92,UPI,SUCCESS,PAY20250827-V2FSUU,2023-07-29 21:18:48
104,104,437.01,CARD,SUCCESS,PAY20250827-14VPRB,2023-10-19 14:22:44
105,105,1057.25,UPI,SUCCESS,PAY20250827-PLS7IF,2024-07-27 08:14:56
106,106,621.63,UPI,SUCCESS,PAY20250827-KBBS0G,2022-09-15 19:47:22
107,107,1522.15,UPI,SUCCESS,PAY20250827-HDY9MJ,2023-12-07 01:41:43
108,108,184.9,UPI,SUCCESS,PAY20250827-NYJD7U,2022-04-18 08:42:41
109,109,264.44,UPI,SUCCESS,PAY20250827-22C2IH,2024-01-22 09:09:05
110,110,491.92,COD,SUCCESS,PAY20250827-5WF5ZE,2022-09-09 08:34:18
111,111,2114.21,CARD,PENDING,PAY20250827-LH0EMU,2022-05-11 19:39:06
112,112,914.12,CARD,SUCCESS,PAY20250827-BKEWQN,2024-08-20 09:56:39
113,113,1213.93,WALLET,SUCCESS,PAY20250827-R0HQML,2024-03-04 13:17:53
114,114,1063.36,WALLET,SUCCESS,PAY20250827-WYJCMB,2025-02-13 06:15:14
115,115,1327.15,CARD,FAILED,PAY20250827-RNJRZ6,2023-04-20 15:29:14
116,116,930.02,CARD,PENDING,PAY20250827-ZMCYIB,2023-10-15 15:35:11
117,117,1040.33,UPI,SUCCESS,PAY20250827-6POVJA,2022-03-25 17:41:59
118,118,150.22,UPI,SUCCESS,PAY20250827-UUIDZ4,2025-03-28 13:30:17
119,119,1662.86,COD,SUCCESS,PAY20250827-LON6E9,2023-05-21 09:29:07
120,120,1401.29,COD,SUCCESS,PAY20250827-1R9BNI,2023-01-14 09:22:49
121,121,1633.79,UPI,SUCCESS,PAY20250827-L5YC6G,2025-08-01 06:06:27
122,122,1099.44,COD,SUCCESS,PAY20250827-EKTHN4,2023-06-25 08:59:50
123,123,191.34,WALLET,SUCCESS,PAY20250827-EYEFA6,2024-08-18 05:59:39
124,124,599.49,UPI,SUCCESS,PAY20250827-BH8YYR,2023-07-15 08:30:33
125,125,1956.18,WALLET,SUCCESS,PAY20250827-KTZ0EJ,2024-12-13 20:33:00
126,126,1022.79,UPI,SUCCESS,PAY20250827-XDWB78,2025-07-13 14:39:25
127,127,694.56,COD,SUCCESS,PAY20250827-T5H6MA,2022-02-06 07:20:53
128,128,1075.3,CARD,SUCCESS,PAY20250827-9P2K73,2022-07-07 16:31:25
129,129,1630.52,COD,SUCCESS,PAY20250827-37HJ8S,2024-10-24 05:19:40
130,130,1454.39,WALLET,PENDING,PAY20250827-OFR67F,2023-11-15 05:15:50
131,131,1661.06,UPI,PENDING,PAY20250827-JMEKV4,2022-08-28 09:01:27
132,132,1310.76,CARD,FAILED,PAY20250827-ZGYD8P,2023-11-11 10:43:23
133,133,774.12,CARD,PENDING,PAY20250827-SFH5NF,2023-11-10 08:39:23
134,134,1025.31,CARD,SUCCESS,PAY20250827-PS4A7H,2025-01-26 11:00:11
135,135,1244.31,CARD,SUCCESS,PAY20250827-7GMD39,2024-06-04 09:18:48
136,136,1728.27,WALLET,SUCCESS,PAY20250827-4JGA7I,2025-05-29 18:21:10
137,137,405.63,UPI,SUCCESS,PAY20250827-QRAIML,2023-10-05 10:57:03
138,138,1136.84,CARD,PENDING,PAY20250827-XUQUIU,2022-04-23 22:25:17
139,139,1220.07,CARD,SUCCESS,PAY20250827-4QEKZ0,2022-07-03 22:23:30
140,140,2051.13,UPI,SUCCESS,PAY20250827-K2LT3E,2023-08-17 08:17:30
141,141,1837.68,WALLET,SUCCESS,PAY20250827-RPD7NH,2023-07-27 18:31:24
142,142,2091.51,WALLET,SUCCESS,PAY20250827-5HP1JF,2023-08-12 07:39:59
143,143,1618.44,WALLET,SUCCESS,PAY20250827-6P1D2O,2023-01-05 19:34:55
144,144,1575.62,CARD,SUCCESS,PAY20250827-W3TVCK,2025-06-13 06:02:07
145,145,661.11,UPI,PENDING,PAY20250827-UH45YK,2024-05-25 01:05:53
146,146,2249.58,UPI,SUCCESS,PAY20250827-DSMNL3,2023-11-11 00:12:50
147,147,1059.38,CARD,FAILED,PAY20250827-3UC5GJ,2023-03-02 08:41:37
148,148,309.0,UPI,SUCCESS,PAY20250827-GXTP68,2022-10-29 08:21:35
149,149,1481.25,CARD,PENDING,PAY20250827-819Q4I,2024-05-22 16:21:23
150,150,743.46,COD,SUCCESS,PAY20250827-LV96GT,2022-04-29 05:24:32
151,151,1792.67,CARD,SUCCESS,PAY20250827-OAPNA5,2024-03-25 23:18:25
152,152,2023.22,UPI,SUCCESS,PAY20250827-N95E4A,2022-02-07 18:02:56
153,153,1520.05,COD,SUCCESS,PAY20250827-FD92XM,2024-12-16 10:21:11
154,154,512.02,WALLET,SUCCESS,PAY20250827-Z7XX72,2022-03-15 15:45:28
155,155,208.11,CARD,SUCCESS,PAY20250827-HHYGL0,2024-12-05 19:45:48
156,156,406.39,UPI,SUCCESS,PAY20250827-50SDIE,2022-03-31 21:19:23
157,157,1801.89,CARD,SUCCESS,PAY20250827-MADBP4,2023-10-08 20:21:27
158,158,1572.77,UPI,SUCCESS,PAY20250827-RSDDXR,2025-07-24 04:04:36
159,159,237.14,WALLET,PENDING,PAY20250827-YAR6MQ,2023-12-31 13:36:14
160,160,2188.09,COD,SUCCESS,PAY20250827-6U9BQT,2023-04-05 18:52:56
161,161,1203.06,WALLET,SUCCESS,PAY20250827-ZZ1I6F,2024-08-26 06:21:37
162,162,1223.06,COD,SUCCESS,PAY20250827-SNM2GU,2025-07-24 15:14:14
163,163,1814.65,UPI,SUCCESS,PAY20250827-LCN7TB,2022-01-29 22:30:30
164,164,1547.98,UPI,SUCCESS,PAY20250827-B6J6GP,2023-12-15 21:54:33
165,165,761.69,COD,FAILED,PAY20250827-Y4UJJT,2023-05-25 04:34:33
166,166,730.39,UPI,PENDING,PAY20250827-YE21LD,2024-08-12 20:05:34
167,167,2120.02,CARD,SUCCESS,PAY20250827-FC1DYD,2025-04-13 16:00:35
168,168,596.94,COD,SUCCESS,PAY20250827-TZENKK,2022-02-18 07:08:04
169,169,925.45,COD,PENDING,PAY20250827-CPPROI,2024-09-18 20:54:35
170,170,1202.05,COD,SUCCESS,PAY20250827-XU0DOF,2025-04-08 18:29:45
171,171,1213.06,COD,PENDING,PAY20250827-Z2JTR5,2023-03-24 00:06:45
172,172,1535.88,UPI,SUCCESS,PAY20250827-D9HNOU,2022-11-28 21:45:15
173,173,219.37,WALLET,SUCCESS,PAY20250827-SUQ9OM,2024-09-10 16:17:49
174,174,451.53,CARD,SUCCESS,PAY20250827-X3CKCH,2023-05-05 23:36:32
175,175,683.46,WALLET,SUCCESS,PAY20250827-NFLPEC,2025-02-11 01:44:25
176,176,816.02,COD,SUCCESS,PAY20250827-G3QZM3,2023-09-19 02:01:21
177,177,1926.62,CARD,PENDING,PAY20250827-WLAYPW,2022-10-24 03:49:52
178,178,594.14,WALLET,SUCCESS,PAY20250827-URMZ7C,2023-04-14 09:48:36
179,179,831.24,CARD,SUCCESS,PAY20250827-RB1HQA,2023-08-27 04:05:06
180,180,586.77,CARD,SUCCESS,PAY20250827-0HLMDM,2025-05-30 08:38:13
181,181,469.02,COD,SUCCESS,PAY20250827-J57K0Z,2022-07-01 09:41:40
182,182,945.65,WALLET,FAILED,PAY20250827-KS8ENW,2023-05-14 16:53:51
183,183,866.62,WALLET,SUCCESS,PAY20250827-NS3BPW,2022-07-05 17:33:04
184,184,519.13,CARD,SUCCESS,PAY20250827-BZIT4M,2023-01-15 10:14:31
185,185,479.29,UPI,FAILED,PAY20250827-JEFTG2,2023-10-23 13:35:18
186,186,2374.2,COD,SUCCESS,PAY20250827-CR2H1A,2024-03-13 23:24:59
187,187,658.48,UPI,PENDING,PAY20250827-GUXNCD,2024-12-06 14:08:01
188,188,1545.62,UPI,PENDING,PAY20250827-GGHMUG,2022-03-09 08:50:13
189,189,336.31,COD,SUCCESS,PAY20250827-PV3JB7,2022-04-09 16:12:36
190,190,834.78,WALLET,FAILED,PAY20250827-EO8APC,2025-02-23 04:37:34
191,191,301.9,CARD,SUCCESS,PAY20250827-RRFS2E,2024-02-14 06:08:16
192,192,299.0,CARD,SUCCESS,PAY20250827-EDIIBG,2023-12-16 05:37:44
193,193,856.73,UPI,SUCCESS,PAY20250827-M329EH,2025-03-11 23:16:04
194,194,1802.35,UPI,SUCCESS,PAY20250827-R1UEPP,2025-03-04 00:12:32
195,195,1693.12,COD,SUCCESS,PAY20250827-RGEBUF,2023-10-26 01:56:21
196,196,260.21,CARD,SUCCESS,PAY20250827-Q356PE,2023-12-24 16:55:36
197,197,582.49,COD,PENDING,PAY20250827-68PH0Q,2025-05-11 14:56:39
198,198,543.32,COD,FAILED,PAY20250827-I70EIM,2024-01-06 13:12:41
199,199,811.0,WALLET,SUCCESS,PAY20250827-5AJ7GS,2023-05-20 11:41:49
200,200,1601.07,CARD,SUCCESS,PAY20250827-KZHVVP,2023-04-21 12:42:33
201,201,1539.59,WALLET,SUCCESS,PAY20250827-6P7J9S,2022-09-27 10:16:14
202,202,1989.48,WALLET,PENDING,PAY20250827-AZPCJH,2022-07-19 16:22:44
203,203,2129.17,UPI,SUCCESS,PAY20250827-Z5XEBF,2023-04-07 02:35:35
204,204,1078.7,WALLET,PENDING,PAY20250827-2TZ084,2024-04-25 12:39:07
205,205,1028.77,CARD,SUCCESS,PAY20250827-9BWMGP,2024-09-25 19:23:30
206,206,1022.46,UPI,SUCCESS,PAY20250827-ISRT06,2024-10-17 16:57:05
207,207,556.42,WALLET,SUCCESS,PAY20250827-K4YDY2,2025-07-23 17:59:21
208,208,801.0,CARD,SUCCESS,PAY20250827-TTO2DL,2023-11-29 15:15:27
209,209,1959.05,COD,FAILED,PAY20250827-ADG7P8,2022-05-28 01:47:07
210,210,1498.05,CARD,SUCCESS,PAY20250827-7QXBKZ,2023-05-08 22:30:42
211,211,1327.15,UPI,SUCCESS,PAY20250827-2KDH8B,2024-04-04 07:50:04
212,212,991.37,COD,SUCCESS,PAY20250827-X3Y7BA,2024-04-16 11:34:40
213,213,572.34,COD,SUCCESS,PAY20250827-83A4IL,2022-08-26 03:53:49
214,214,1069.06,WALLET,SUCCESS,PAY20250827-8A6ZR4,2025-05-25 00:11:40
215,215,261.16,UPI,SUCCESS,PAY20250827-ULJQC6,2024-10-04 14:56:22
216,216,605.4,UPI,SUCCESS,PAY20250827-SZT7XH,2024-07-25 08:27:54
217,217,1707.68,WALLET,SUCCESS,PAY20250827-1UWGQ4,2023-03-21 22:44:34
218,218,684.91,UPI,PENDING,PAY20250827-LU6N18,2022-02-12 21:44:21
219,219,1324.73,UPI,PENDING,PAY20250827-Q9LHSA,2023-06-10 03:34:43
220,220,1277.63,WALLET,SUCCESS,PAY20250827-ZXCUZN,2023-09-28 13:12:17
221,221,529.05,UPI,SUCCESS,PAY20250827-NUIZXD,2025-03-22 14:55:51
222,222,1858.58,WALLET,PENDING,PAY20250827-90Y4OU,2022-05-02 04:06:51
223,223,331.64,COD,SUCCESS,PAY20250827-MO4KGY,2025-06-26 09:10:28
224,224,479.93,WALLET,FAILED,PAY20250827-LCJIDQ,2024-07-09 07:50:06
225,225,374.75,UPI,SUCCESS,PAY20250827-P9LLRF,2022-04-27 14:00:31
226,226,381.87,UPI,SUCCESS,PAY20250827-Q7D0YN,2023-05-19 08:33:25
227,227,1311.23,UPI,SUCCESS,PAY20250827-69ULIW,2023-08-10 08:28:10
228,228,591.59,WALLET,SUCCESS,PAY20250827-CLR0W7,2023-11-10 06:09:04
229,229,1662.17,WALLET,SUCCESS,PAY20250827-XG7H67,2023-11-02 13:02:53
230,230,884.81,UPI,SUCCESS,PAY20250827-2OSPP9,2024-02-17 15:56:48
231,231,916.33,COD,SUCCESS,PAY20250827-LJ7TAM,2025-02-16 22:28:54
232,232,2047.75,WALLET,FAILED,PAY20250827-AD43SI,2025-06-19 16:22:15
233,233,2261.09,CARD,SUCCESS,PAY20250827-9178C1,2022-12-11 06:32:35
234,234,2263.18,CARD,SUCCESS,PAY20250827-MO0Z5L,2023-06-22 04:35:15
235,235,1980.1,UPI,SUCCESS,PAY20250827-R5DYBB,2024-06-09 12:09:29
236,236,1247.73,WALLET,SUCCESS,PAY20250827-W7GJSC,2024-04-02 04:26:51
237,237,2054.88,CARD,SUCCESS,PAY20250827-C90X4F,2024-10-29 08:41:49
238,238,712.41,WALLET,SUCCESS,PAY20250827-MLA40R,2024-01-22 08:46:30
239,239,524.68,UPI,PENDING,PAY20250827-AGTGV3,2025-07-17 11:40:40
240,240,1784.79,UPI,SUCCESS,PAY20250827-H433N7,2022-04-17 22:13:57
241,241,1811.89,CARD,SUCCESS,PAY20250827-S41HTG,2023-10-01 08:40:23
242,242,764.89,UPI,SUCCESS,PAY20250827-ADUVC1,2023-05-12 00:36:16
243,243,1703.12,WALLET,SUCCESS,PAY20250827-1HUPI2,2023-09-07 13:08:17
244,244,955.05,WALLET,PENDING,PAY20250827-Z5ZBRS,2024-01-31 03:27:16
245,245,1286.74,UPI,SUCCESS,PAY20250827-CGPMST,2024-01-01 08:25:17
246,246,1325.81,UPI,SUCCESS,PAY20250827-F86ILE,2023-07-24 15:03:48
247,247,772.81,UPI,FAILED,PAY20250827-6LORNS,2025-07-22 19:14:28
248,248,991.08,COD,SUCCESS,PAY20250827-0T8Q59,2023-03-05 03:19:15
249,249,647.05,WALLET,SUCCESS,PAY20250827-JFRBF5,2025-04-05 02:06:23
250,250,1481.36,CARD,SUCCESS,PAY20250827-SV48VB,2022-08-23 08:23:18
251,251,1437.92,WALLET,FAILED,PAY20250827-L4779C,2024-03-06 15:26:51
252,252,484.88,CARD,SUCCESS,PAY20250827-5QDQS2,2023-01-31 04:09:50
253,253,168.48,CARD,SUCCESS,PAY20250827-0DILX1,2024-01-21 13:09:54
254,254,1524.41,UPI,SUCCESS,PAY20250827-EDBJW8,2022-07-14 05:50:49
255,255,699.53,UPI,SUCCESS,PAY20250827-VW4AA9,2023-01-14 00:23:16
256,256,934.49,UPI,FAILED,PAY20250827-EIXCDJ,2023-01-07 08:36:35
257,257,1330.88,COD,SUCCESS,PAY20250827-4NPU9W,2023-08-12 07:25:41
258,258,1460.34,UPI,SUCCESS,PAY20250827-KJSTI1,2025-01-12 13:27:46
259,259,305.9,WALLET,SUCCESS,PAY20250827-MPYFN2,2024-11-21 13:40:20
260,260,1520.49,COD,FAILED,PAY20250827-QSKQ7R,2023-02-03 12:47:45
261,261,1693.12,CARD,FAILED,PAY20250827-DBZVXS,2023-05-15 17:57:43
262,262,572.49,WALLET,SUCCESS,PAY20250827-E6TFZ7,2023-08-18 23:41:00
263,263,658.29,UPI,SUCCESS,PAY20250827-741P7V,2023-10-03 03:38:11
264,264,856.66,COD,SUCCESS,PAY20250827-7RCZG9,2022-08-20 21:10:10
265,265,774.39,COD,SUCCESS,PAY20250827-LTFKNN,2024-02-05 04:28:04
266,266,614.87,WALLET,SUCCESS,PAY20250827-BZWRXS,2024-09-15 22:49:26
267,267,1321.46,UPI,SUCCESS,PAY20250827-YNJSCN,2022-06-28 08:22:47
268,268,1213.48,UPI,SUCCESS,PAY20250827-ONC5YR,2024-10-08 10:33:37
269,269,846.66,WALLET,SUCCESS,PAY20250827-42CAWZ,2022-04-19 10:45:36
270,270,306.01,WALLET,SUCCESS,PAY20250827-845ZVI,2023-03-28 11:55:01
271,271,1278.55,UPI,SUCCESS,PAY20250827-RGZS9A,2023-04-28 03:45:39
272,272,1092.58,COD,SUCCESS,PAY20250827-33WYGM,2024-03-16 08:38:52
273,273,1238.06,UPI,SUCCESS,PAY20250827-UG9NCH,2025-04-28 23:56:27
274,274,1272.48,CARD,SUCCESS,PAY20250827-4Z9T4S,2024-01-14 10:07:42
275,275,434.99,CARD,PENDING,PAY20250827-27GMM3,2024-03-19 23:05:04
276,276,1938.31,WALLET,SUCCESS,PAY20250827-KQUZXP,2023-04-12 05:27:35
277,277,911.16,COD,SUCCESS,PAY20250827-FYUJ3Y,2022-10-12 22:01:21
278,278,338.42,UPI,SUCCESS,PAY20250827-5NNSJH,2024-01-09 20:21:03
279,279,146.46,WALLET,SUCCESS,PAY20250827-5WWPPF,2023-12-10 02:50:29
280,280,744.05,CARD,SUCCESS,PAY20250827-TLCRS3,2024-06-11 18:11:56
281,281,542.34,COD,SUCCESS,PAY20250827-MSL9ZB,2022-12-27 15:54:54
282,282,695.15,CARD,SUCCESS,PAY20250827-TE49SN,2024-06-19 09:41:23
283,283,403.35,UPI,SUCCESS,PAY20250827-H8CE2V,2024-10-22 10:30:29
284,284,1734.12,WALLET,SUCCESS,PAY20250827-631VJ6,2024-01-19 03:14:44
285,285,1643.68,CARD,SUCCESS,PAY20250827-BAQD4D,2025-05-31 01:35:19
286,286,269.86,UPI,SUCCESS,PAY20250827-TQOYEY,2024-11-18 16:01:56
287,287,365.56,CARD,SUCCESS,PAY20250827-NQHFQH,2024-04-23 12:37:22
288,288,1324.66,COD,SUCCESS,PAY20250827-PQ401H,2023-01-11 11:02:10
289,289,256.3,WALLET,SUCCESS,PAY20250827-F4SBJS,2023-03-25 19:50:03
290,290,405.63,COD,SUCCESS,PAY20250827-L0W6VG,2022-06-21 19:04:31
291,291,2107.24,UPI,SUCCESS,PAY20250827-1JWNRT,2025-06-12 20:47:09
292,292,2029.97,UPI,SUCCESS,PAY20250827-F1AEMD,2025-01-27 08:36:54
293,293,570.95,CARD,SUCCESS,PAY20250827-GLHHWL,2022-04-23 11:50:02
294,294,760.49,WALLET,SUCCESS,PAY20250827-FK1AWT,2024-02-28 16:35:54
295,295,1720.57,CARD,FAILED,PAY20250827-FQW0A8,2025-03-09 20:08:43
296,296,328.33,WALLET,FAILED,PAY20250827-SUQGRE,2024-05-10 14:59:48
297,297,592.41,CARD,SUCCESS,PAY20250827-BTHO87,2025-01-10 02:50:41
298,298,1048.22,WALLET,SUCCESS,PAY20250827-YSUXAP,2024-02-28 21:15:42
299,299,511.84,COD,FAILED,PAY20250827-5J7NQ8,2023-12-08 05:25:59
300,300,438.88,WALLET,SUCCESS,PAY20250827-OC3UX2,2023-06-22 04:56:50
